<beans xmlns="http://www.springframework.org/schema/beans"
	xmlns:xsi="http://www.w3.org/2001/XMLSchema-instance"
	xmlns:context="http://www.springframework.org/schema/context"
	xmlns:mvc="http://www.springframework.org/schema/mvc"
	xmlns:tx="http://www.springframework.org/schema/tx"
	xsi:schemaLocation="http://www.springframework.org/schema/mvc http://www.springframework.org/schema/mvc/spring-mvc.xsd
		http://www.springframework.org/schema/beans http://www.springframework.org/schema/beans/spring-beans.xsd
		http://www.springframework.org/schema/tx http://www.springframework.org/schema/tx/spring-tx-4.1.xsd
		http://www.springframework.org/schema/context http://www.springframework.org/schema/context/spring-context.xsd">
 
	<!--<context:annotation-config />--> 
	
	
<!-- <context:component-scan base-package="com.bku.inautix" />  -->
	<context:component-scan base-package="spring" />
  
 <!--<bean id="stockDAOImpl" class="com.bku.inautix.dao.impl.StockDAOImpl" >

	 <bean id="stockBean" class="com.bku.inautix.model.StockBean" >		
		
	</bean> -->
	
	<bean id="dataSource"
         class="org.springframework.jdbc.datasource.DriverManagerDataSource">

		<property name="driverClassName" value="org.apache.derby.jdbc.ClientDriver" />
		<property name="url" value="jdbc:derby://172.24.18.21:1527/sample" />
		<property name="username" value="user" />
		<property name="password" value="user" />
	</bean>
	
	

   

  

 <bean id="test" class="spring.Busbean"></bean>

	
	
	
 
    <mvc:annotation-driven /> 
 
</beans>